bas1,h,m,s,star,az,el,delay1,delay2
D/S1W2,4,28,41.0,#218703,45.783151325,77.837817209,30.208083698,57.9754193
D/S1W2,4,43,36.0,#254159,43.713066441,63.042099538,30.208158285,82.75357901
D/S1W2,4,49,43.0,#254159,42.724253278,63.910400064,30.208083698,82.868638015
D/S1W2,5,6,25.0,#236884,43.05567795,76.061440272,20.208138857,52.840597978
D/S1W2,5,14,3.0,#254159,37.675612983,67.175502729,20.208138857,73.915213524
D/S1W2,5,20,16.0,#254193,36.08465091,67.947417949,20.208138857,74.302185353
D/S1W2,5,29,38.0,#250761,53.854249468,75.161283053,20.208138857,44.93868419
D/S1W2,5,36,7.0,#254159,31.210791269,69.77206373,20.208138857,75.670124187
D/S1W2,5,42,27.0,#254193,28.998253424,70.431205724,20.208138857,76.281180103
D/S1W2,5,52,32.0,#245262,11.066806727,69.283330182,0.2081,73.612799687
D/S1W2,5,59,2.0,#251622,20.186597808,72.589560501,0.2081,57.956596429
D/S1W2,6,9,1.0,#250761,30.66532826,80.831056269,0.2081,30.831797
D/S1W2,6,14,45.0,#251622,12.124297972,73.499798669,0.2081,60.342806474
D/S1W2,6,21,1.0,#262307,10.566221393,66.052736327,0.2081,83.486227577
D/S1W2,6,27,33.0,#251622,4.948235853,73.894870971,0.2081,62.549654594
D/S1W2,6,39,47.0,#236884,323.202895347,77.60931546,0.2081,52.251430139
D/S1W2,6,49,2.0,#254193,355.749590589,73.617293566,0.2081,66.625090566
D/S1W2,6,55,1.0,#254159,352.390161555,73.480511344,0.2081,67.893911861
D/S1W2,7,4,2.0,#245262,342.119237458,68.344759245,0.2081,86.93267886
D/S1W2,11,12,30.0,#320010,354.583507762,68.262170417,0.2081,85.00976288
D/S1W2,11,56,57.0,#22136,67.094886918,69.793125988,52.208071743,65.91740536
D/S1W2,12,8,6.0,#18311,68.640617842,77.429480896,52.208201027,62.917044197
D/S1W2,12,22,32.0,#21703,60.952996609,75.015190464,52.208201027,70.522440627
D/S1W2,12,32,41.0,#18311,59.851567902,82.044992665,52.208201027,66.713729005
D/S1W2,2,53,15.0,#251622,356.981134817,73.93964131,2.913965586,67.899485767
D/S1W2,2,56,4.0,#251622,355.357348243,73.900629767,2.864509687,68.419666878
D/S1W2,3,27,38.0,#306704,67.729041137,76.605849064,10.55135366,22.155099523
D/S1W2,5,5,38.0,#301821,316.898342992,75.444883895,13.12220651,70.475310847
D/S1W2,5,50,34.0,#306704,289.994953192,73.420148582,33.459434595,80.343469672
D/S1W2,6,37,29.0,#319663,348.694455443,74.476706616,15.159049682,80.007370769
D/S1W2,8,45,8.0,#27622,45.364334893,66.815154629,22.622169011,67.294832564
D/S1W2,8,55,28.0,#27622,43.104203765,68.310099436,22.684746381,67.918950297
D/S1W2,9,27,3.0,#47739,74.226715305,59.206181991,68.497321251,71.060670374
D/S1W2,10,22,6.0,#48935,91.128298296,68.608765377,86.630624396,68.899451246
D/S1W2,10,44,22.0,#47739,75.206762906,74.706624683,67.476700682,72.192657165
D/S1W2,11,3,20.0,#47739,73.417513468,78.494070184,67.450198249,74.507251307
D/S1W2,11,27,41.0,#61103,81.422115854,75.038642278,74.445762448,73.39559259
D/S1W2,11,37,39.0,#61103,81.598750807,77.081884981,74.440564683,74.586779174
D/S1W2,11,58,50.0,#78735,93.074245702,68.544995412,87.051786632,66.801727179
D/S1W2,12,17,17.0,#78735,96.583488483,72.355385359,87.177527062,68.351513766
D/S1W2,12,43,42.0,#86029,51.330236749,72.968146999,37.44632472,67.034573257
D/S1W2,12,53,4.0,#86029,48.365704862,74.45312626,37.444845194,68.010340399
D/S1W2,9,30,17.0,#319693,38.257387382,68.666069126,24.1218916,74.396444251
D/S1W2,6,44,5.0,#237298,324.407316363,68.154781287,0.2081,84.376882418
D/S1W2,6,56,28.0,#278535,353.200462734,67.381791373,-1.791903886,86.36480238
D/S1W2,7,4,33.0,#265009,337.900971338,71.497460813,-1.791898913,73.967502658
D/S1W2,8,22,31.0,#252813,298.139291888,61.690754075,0.2081,82.556600733
D/S1W2,12,0,45.0,#18735,107.74945366,82.32555566,80.208255426,72.224797818
D/S1W2,12,7,49.0,#19572,90.352704455,83.124656778,80.208255426,80.710721191
D/S1W2,12,17,27.0,#19896,40.401702187,82.343969383,50.208197142,73.38474841
D/S1W2,12,24,2.0,#19896,32.703338589,83.158955873,40.208177713,64.661722942
D/S1W2,12,41,41.0,#22136,31.043614548,83.503278784,40.208177713,64.420896986
D/S1W2,6,0,5.0,#42399,70.27090151,37.015950634,43.994400718,54.534360154
D/S1W2,6,0,6.0,#42399,70.27237222,37.019202391,43.997137924,54.532717999
D/S1W2,6,0,7.0,#42399,70.273842889,37.022454176,43.999874189,54.531068811
D/S1W2,6,0,8.0,#42399,70.275313517,37.025705993,44.00260331,54.529417602
D/S1W2,6,8,50.0,#42399,71.037494139,38.727169135,45.302005406,53.609579378
D/S1W2,6,8,51.0,#42399,71.038943917,38.730436203,45.304239901,53.607697927
D/S1W2,6,8,52.0,#42399,71.040393656,38.733703297,45.306469039,53.605810313
D/S1W2,6,8,52.0,#42399,71.040393656,38.733703297,45.306459116,53.605810313
D/S1W2,6,44,32.0,#42399,74.059783007,45.785871538,47.917793637,48.558831018
D/S1W2,6,44,32.0,#42399,74.059783007,45.785871538,47.917793637,48.558837701
D/S1W2,6,44,33.0,#42399,74.061157872,45.789193245,47.917987917,48.556030045
D/S1W2,6,44,34.0,#42399,74.062532705,45.792514974,47.918181236,48.553220659
D/S1W2,7,13,11.0,#42399,76.380023425,51.52750514,46.834034038,43.085682506
D/S1W2,7,13,11.0,#42399,76.380023425,51.52750514,46.834040025,43.085682506
D/S1W2,7,13,12.0,#42399,76.381349725,51.530862531,46.832574758,43.082138305
D/S1W2,7,13,23.0,#42399,76.395937352,51.567795064,46.816554943,43.04320863
D/S1W2,7,36,40.0,#50729,88.403136644,46.47608716,100.4117384,65.472168542
D/S1W2,7,36,42.0,#50729,88.407634189,46.482993538,100.40980905,65.464961242
D/S1W2,7,36,52.0,#50729,88.430129746,46.517525642,100.400039514,65.428895131
D/S1W2,7,36,57.0,#50729,88.441382432,46.534791834,100.395139136,65.410832481
D/S1W2,7,51,58.0,#50033,82.628324377,52.062220816,74.413208317,56.837406878
D/S1W2,7,52,43.0,#50033,82.708555808,52.216403517,74.324479749,56.663396133
D/S1W2,8,1,26.0,#50729,91.913948488,51.608698061,97.829347942,59.635475845
D/S1W2,8,1,28.0,#50729,91.918940132,51.615603248,97.824274184,59.626965019
D/S1W2,8,1,29.0,#50729,91.921436266,51.619055835,97.821777621,59.622712123
D/S1W2,8,1,30.0,#50729,91.923932607,51.622508415,97.819285819,59.618475487
D/S1W2,8,14,44.0,#50033,85.137344541,56.753738473,70.828481534,51.198767725
D/S1W2,8,36,50.0,#56376,99.07632298,54.137474921,106.238141037,56.682894024
D/S1W2,8,36,56.0,#56376,99.094952444,54.157942026,106.215799435,56.654103373
D/S1W2,8,37,5.0,#56376,99.122920325,54.188640682,106.182323745,56.610955009
D/S1W2,8,37,8.0,#56376,99.132249281,54.198873034,106.171182518,56.596600848
D/S1W2,9,8,37.0,#56376,105.777548129,60.570799025,97.299722833,46.86462097
D/S1W2,9,8,38.0,#56376,105.781563446,60.574123367,97.294078417,46.859124989
D/S1W2,9,8,38.0,#56376,105.781563446,60.574123367,97.294078417,46.859133426
D/S1W2,9,8,40.0,#56376,105.789596001,60.580771859,97.282774056,46.848132674
D/S1W2,9,21,18.0,#61321,99.719494151,61.543874677,85.331259052,45.716398086
D/S1W2,9,44,16.0,#56376,116.258328821,67.475207568,82.997482786,34.366292833
D/S1W2,9,44,17.0,#56376,116.264364746,67.478305539,82.989801103,34.360131606
D/S1W2,9,44,23.0,#56376,116.300608669,67.496889973,82.94362,34.323124407
D/S1W2,9,44,26.0,#56376,116.318748895,67.50618001,82.920509209,34.304617386
D/S1W2,4,8,11.0,#19690,93.431829659,42.231714932,135.351307859,84.2232962
D/S1W2,4,8,12.0,#19690,93.434367456,42.235163257,135.352054196,84.220946472
D/S1W2,4,8,12.0,#19690,93.434367456,42.235163257,135.352054196,84.220946472
D/S1W2,4,8,13.0,#19690,93.436905416,42.238611576,135.352800455,84.218597279
D/S1W2,4,16,59.0,#19690,94.795360762,44.050972274,135.734142702,83.057536652
D/S1W2,4,17,0.0,#19690,94.797990235,44.054414703,135.734846632,83.055472267
D/S1W2,4,17,1.0,#19690,94.800619894,44.057857118,135.735550481,83.053408425
D/S1W2,4,17,1.0,#19690,94.800619894,44.057857118,135.735550481,83.053402511
D/S1W2,4,44,24.0,#5648,124.358682105,69.5188146,129.738592866,79.313670741
D/S1W2,4,44,25.0,#5648,124.366252774,69.521666256,129.738608477,79.315795327
D/S1W2,4,44,27.0,#5648,124.381399528,69.5273688,129.738639415,79.320046111
D/S1W2,4,44,28.0,#5648,124.388975604,69.530219682,129.738654741,79.322159267
D/S1W2,5,25,15.0,#19690,107.923745762,57.916074896,129.897542803,71.2497871
D/S1W2,5,25,16.0,#19690,107.927791896,57.919361728,129.897887396,71.25000717
D/S1W2,5,25,17.0,#19690,107.931838616,57.922648486,129.898231897,71.250227805
D/S1W2,5,25,19.0,#19690,107.939933814,57.929221773,129.898920619,71.250670764
D/S1W2,5,55,47.0,#11068,161.279457896,58.133260314,115.267972265,12.744725504
D/S1W2,5,55,50.0,#11068,161.302299371,58.136584578,115.267416162,12.754895293
D/S1W2,5,55,51.0,#11068,161.309914125,58.137691797,115.267230593,12.758286313
D/S1W2,5,55,54.0,#11068,161.33276116,58.141010841,115.266673276,12.768457045
D/S1W2,8,14,38.0,#45192,143.357120246,45.883404763,138.730835742,7.481677164
D/S1W2,8,42,38.0,#11068,231.409353198,47.349020376,112.724411203,73.873030103
D/S1W2,8,42,50.0,#11068,231.465589503,47.316606016,112.711652171,73.96319485
D/S1W2,8,43,6.0,#11068,231.54046814,47.273347474,112.694613432,74.083485101
D/S1W2,8,43,11.0,#11068,231.563843585,47.259819966,112.689285453,74.121093241
D/S1W2,8,52,59.0,#11068,234.234846762,45.639604708,112.051446861,78.583459832
D/S1W2,8,53,11.0,#11068,234.287792104,45.605956621,112.038183019,78.675322397
D/S1W2,8,54,16.0,#11068,234.573525555,45.423309168,111.966300497,79.17354285
D/S1W2,8,54,39.0,#11068,234.674207133,45.358524633,111.940776666,79.350040578
D/S1W2,9,16,19.0,#27529,199.752714409,52.946037019,119.409899441,29.264873058
D/S1W2,9,16,20.0,#27529,199.759370367,52.944869332,119.409216523,29.270781331
D/S1W2,9,16,21.0,#27529,199.766025959,52.943701268,119.408533515,29.276690018
D/S1W2,9,16,21.0,#27529,199.766025959,52.943701268,119.408533515,29.27667995
D/S1W2,10,0,14.0,#30462,207.367482033,47.108303129,120.077489753,30.008245672
D/S1W2,10,0,15.0,#30462,207.373134264,47.106714943,120.076674441,30.014744722
D/S1W2,10,0,16.0,#30462,207.37878614,47.105126456,120.075859048,30.021244131
D/S1W2,10,0,17.0,#30462,207.384437667,47.103537664,120.07504357,30.027743909
D/S1W2,8,47,31.0,#278535,27.617229625,62.83509345,12.867321005,87.755651974
D/S1W2,9,45,9.0,#249051,354.37471319,72.357735026,0.298176333,71.375660875
D/S1W2,9,39,34.0,#32935,112.875649306,69.235387111,83.358217948,42.20807714
D/S1W2,9,39,37.0,#32935,112.893331148,69.244934986,83.353335592,42.20807714
D/S1W2,9,39,41.0,#32935,112.916927361,69.257663551,83.346814157,42.20807714
D/S1W2,9,39,42.0,#32935,112.922830062,69.260845344,83.345185077,42.20807714
D/S1W2,10,16,31.0,#33501,129.224161555,75.350586552,78.718347842,42.20807714
D/S1W2,10,20,34.0,#33501,131.932862692,75.988275448,77.999115585,42.20807714
D/S1W2,10,20,37.0,#33501,131.967682743,75.995983113,77.9899865,42.20807714
D/S1W2,10,20,44.0,#33501,132.049064547,76.013951266,77.96880959,42.20807714
D/S1W2,10,37,32.0,#32935,148.638477501,78.611600927,74.007601222,42.20807714
D/S1W2,10,37,40.0,#32935,148.774596557,78.625955806,73.977788198,42.20807714
D/S1W2,10,37,53.0,#32935,148.996475346,78.6491625,73.929279949,42.20807714
D/S1W2,10,38,5.0,#32935,149.202039461,78.670451527,73.884421427,42.20807714
D/S1W2,8,25,57.0,#180569,269.188576242,44.666858106,32.086805155,87.999952181
D/S1W2,8,26,5.0,#180569,269.207758437,44.639224555,32.016822007,87.999952181
D/S1W2,8,26,11.0,#180569,269.222138849,44.61849931,31.964303295,87.999952181
D/S1W2,8,26,11.0,#180569,269.222138849,44.61849931,31.964303295,87.999952181
D/S1W2,8,55,1.0,#214909,245.198952811,62.912760702,82.633677253,81.999955441
D/S1W2,8,55,1.0,#214909,245.198952811,62.912760702,82.633670324,81.999955441
D/S1W2,8,55,2.0,#214909,245.204135639,62.909624718,82.626052156,81.999955441
D/S1W2,8,55,3.0,#214909,245.209317527,62.906488605,82.618433643,81.999955441
D/S1W2,9,20,9.0,#208121,264.90485929,58.17325811,46.181633947,81.999955441
D/S1W2,9,20,12.0,#208121,264.913390687,58.1629354,46.157770242,81.999955441
D/S1W2,9,20,13.0,#208121,264.916233805,58.159494465,46.149817504,81.999955441
D/S1W2,9,20,14.0,#208121,264.919076581,58.156053516,46.141864526,81.999955441
D/S1W2,9,38,49.0,#221697,268.985304195,60.624103866,40.972787028,81.999955441
D/S1W2,9,38,51.0,#221697,268.990221022,60.617195884,40.957514743,81.999955441
D/S1W2,9,38,52.0,#221697,268.992679018,60.613741888,40.949863223,81.999955441
D/S1W2,9,38,53.0,#221697,268.995136735,60.610287891,40.942204914,81.999955441
D/S1W2,10,11,32.0,#208121,272.491026791,47.532748307,20.735408977,81.999955441
D/S1W2,10,11,45.0,#208121,272.519433962,47.487882318,20.625034185,81.999955441
D/S1W2,10,12,7.0,#208121,272.567460138,47.411957494,20.43835567,81.999955441
D/S1W2,10,13,8.0,#208121,272.700314551,47.201453733,19.920275491,81.999955441
D/S1W2,10,30,39.0,#214909,265.586615201,43.731290715,34.517429184,81.999955441
D/S1W2,10,30,42.0,#214909,265.594427368,43.720957796,34.490701535,81.999955441
D/S1W2,10,30,43.0,#214909,265.597031064,43.717513464,34.481781716,81.999955441
D/S1W2,10,31,32.0,#214909,265.724392367,43.548726667,34.045239791,81.999955441
D/S1W2,5,22,23.0,#153578,2.595628104,68.300580459,6.013765516,87.375652181
D/S1W2,7,0,31.0,#163996,354.95437517,72.829201534,18.436719815,87.755651974
D/S1W2,7,42,28.0,#153578,323.768500174,58.511970223,-26.415839632,87.755651974
D/S1W2,8,22,14.0,#153578,319.779238032,53.39042155,-38.453624722,87.755651974
D/S1W2,10,15,50.0,#163996,311.09399552,49.629849461,-39.65201049,87.755651974
D/S1W2,3,35,11.0,#148772,22.723373869,64.19785537,2.084353175,79.375656528
D/S1W2,5,22,42.0,#153578,0.981157983,68.328007945,5.697504701,87.755651974
D/S1W2,7,20,15.0,#163996,343.10013419,71.886799076,13.312219128,87.755651974
D/S1W2,10,58,46.0,#233793,6.641823265,64.555971087,-2.75703981,87.755651974
D/S1W2,8,39,44.0,#297240,187.420867169,46.048958813,189.57427675,67.375663049
D/S1W2,3,45,56.0,#319416,47.856618208,52.56193071,28.378165599,87.375652138
D/S1W2,3,55,24.0,#319416,47.418389122,54.011976146,29.174002301,87.375652138
D/S1W2,4,15,4.0,#319416,46.128536779,56.984371798,30.389447663,87.375652139
D/S1W2,4,24,28.0,#319416,45.303386828,58.379451834,30.759439582,87.37565214
D/S1W2,5,53,2.0,#10134,43.170556931,48.127741935,13.081978797,87.375652143
D/S1W2,6,2,25.0,#10134,42.869787172,49.454830274,14.147951852,87.375652143
D/S1W2,6,28,32.0,#10134,41.550222253,53.09603955,16.481673229,87.375652143
D/S1W2,6,38,44.0,#10134,40.814841394,54.488437596,17.135313935,87.375652144
D/S1W2,7,1,19.0,#14835,48.870419688,54.15106891,32.226328756,87.375652144
D/S1W2,7,11,38.0,#14835,48.308479274,55.755094991,32.953802241,87.375652144
D/S1W2,7,29,20.0,#14835,46.980963451,58.467914407,33.81273154,87.375652144
D/S1W2,7,38,47.0,#14835,46.054087638,59.889437781,34.06842754,87.375652144
D/S1W2,8,4,19.0,#30813,56.729801185,46.80131156,43.26196623,87.375652143
D/S1W2,8,15,12.0,#30813,56.905396993,48.689416323,44.923785027,87.375652144
D/S1W2,8,38,2.0,#30813,56.973583146,52.657515313,47.780659752,87.375652143
D/S1W2,8,53,14.0,#30813,56.748148479,55.296202233,41.198433831,79.375656495
D/S1W2,11,14,48.0,#54213,135.734678771,41.032762096,184.664899027,49.375672808
D/S1W2,11,16,58.0,#54213,136.323013247,41.344563812,184.662112466,49.375672808
D/S1W2,11,53,4.0,#63793,136.610533104,43.740236539,183.539598492,53.375670633
D/S1W2,12,2,38.0,#63793,139.403093382,45.067026838,183.23861506,53.375670633
D/S1W2,12,2,40.0,#63793,139.413052575,45.071522333,183.237166274,53.375670633
D/S1W2,12,49,46.0,#74293,141.024814133,48.207877974,182.802662506,59.37566737
D/S1W2,12,49,47.0,#74293,141.03016889,48.210050689,182.801498209,59.37566737
D/S1W2,12,58,7.0,#74293,143.765107279,49.26411779,182.135228821,59.37566737
D/S1W2,5,51,4.0,#41295,85.477044411,29.025028725,35.976281256,-1.819879088
D/S1W2,5,51,5.0,#41295,85.479243279,29.028472498,35.987931355,-1.813505086
D/S1W2,5,51,12.0,#41295,85.494636811,29.052579195,36.069447281,-1.768856813
D/S1W2,5,51,16.0,#41295,85.503434261,29.066354681,36.116032412,-1.7433251
D/S1W2,6,17,46.0,#41295,89.081783274,34.551960412,54.634885415,9.091828958
D/S1W2,6,17,49.0,#41295,89.088719323,34.562322665,54.669756587,9.113531804
D/S1W2,6,17,49.0,#41295,89.088719323,34.562322665,54.669756587,9.113531804
D/S1W2,6,18,4.0,#41295,89.123411896,34.614134239,54.844045273,9.22214788
D/S1W2,6,30,13.0,#41756,90.253333763,36.91046769,60.926789035,13.717818723
D/S1W2,6,31,10.0,#41756,90.388114848,37.107372514,61.584370804,14.148184301
D/S1W2,6,31,20.0,#41756,90.411797403,37.141916926,61.699701028,14.223917009
D/S1W2,6,31,43.0,#41756,90.466309281,37.221368676,61.964923421,14.398128536
D/S1W2,6,44,38.0,#41295,92.948260882,40.118769305,73.229478224,21.383352942
D/S1W2,6,44,43.0,#41295,92.960761308,40.136018974,73.286595814,21.42335406
D/S1W2,6,44,48.0,#41295,92.973265366,40.153268449,73.343731223,21.463361596
D/S1W2,6,45,57.0,#41295,93.146195089,40.391290848,74.131533872,22.016591556
D/S1W2,7,23,19.0,#42399,76.871896159,52.778136989,38.280219785,33.796151285
D/S1W2,7,23,19.0,#42399,76.871896159,52.778136989,38.280227967,33.796151285
D/S1W2,7,23,20.0,#42399,76.873213263,52.781501239,38.289827085,33.803878861
D/S1W2,7,23,21.0,#42399,76.874530341,52.784865505,38.299425941,33.811606737
D/S1W2,7,34,59.0,#50033,80.436791043,47.774798335,39.884957629,25.157737167
D/S1W2,7,35,0.0,#50033,80.438508675,47.77820486,39.895204387,25.165369802
D/S1W2,7,35,3.0,#50033,80.443661796,47.788424542,39.925993428,25.188269923
D/S1W2,7,35,6.0,#50033,80.448815249,47.798644379,39.956768074,25.211173355
D/S1W2,7,44,27.0,#42399,78.523772349,57.057791867,50.229422357,43.826336919
D/S1W2,7,44,27.0,#42399,78.523772349,57.057791867,50.229411632,43.826336919
D/S1W2,7,44,28.0,#42399,78.525061621,57.061177334,50.238640821,43.834419272
D/S1W2,7,44,29.0,#42399,78.526350873,57.064562818,50.247875184,43.842501884
D/S1W2,7,55,31.0,#50033,82.587616507,51.983842617,52.359322584,34.82708765
D/S1W2,7,55,32.0,#50033,82.589396442,51.987268279,52.36929613,34.835142254
D/S1W2,7,55,34.0,#50033,82.59295651,51.994119651,52.389242428,34.851246926
D/S1W2,7,55,34.0,#50033,82.59295651,51.994119651,52.389242428,34.851246926
D/S1W2,8,6,10.0,#42399,80.18824763,61.481470302,61.973586882,54.555809218
D/S1W2,8,6,11.0,#42399,80.189514222,61.484874306,61.982364909,54.564184189
D/S1W2,8,6,11.0,#42399,80.189514222,61.484874306,61.982356719,54.564184189
D/S1W2,8,6,13.0,#42399,80.19204736,61.491682351,61.999903799,54.580934713
D/S1W2,8,23,43.0,#56376,96.06734167,50.634912891,90.424164282,42.303741129
D/S1W2,8,23,47.0,#56376,96.07852404,50.648653448,90.466402474,42.339050461
D/S1W2,8,23,47.0,#56376,96.07852404,50.648653448,90.466410089,42.339059189
D/S1W2,8,23,48.0,#56376,96.08132028,50.652088543,90.476967137,42.347890984
D/S1W2,8,51,6.0,#56376,101.072857156,56.24664245,107.30100928,57.202362247
D/S1W2,8,51,8.0,#56376,101.079543647,56.253422805,107.320930586,57.220931476
D/S1W2,8,51,14.0,#56376,101.099613286,56.273762942,107.380684715,57.276644839
D/S1W2,8,51,17.0,#56376,101.109653829,56.283932484,107.41055626,57.304504701
D/S1W2,9,17,38.0,#56376,107.033381446,61.581941196,122.606708618,72.248647089
D/S1W2,9,17,40.0,#56376,107.041823095,61.58854703,122.625199349,72.267842122
D/S1W2,9,17,41.0,#56376,107.04604498,61.591849835,122.634457698,72.277452556
D/S1W2,9,17,42.0,#56376,107.050267575,61.595152566,122.643692921,72.287038858
D/S1W2,4,19,35.0,#236815,95.184705778,79.827060269,81.791375696,75.375658701
D/S1W2,4,52,42.0,#281763,71.683232402,70.711822303,79.448478721,87.375652181
D/S1W2,5,2,10.0,#281763,71.132735173,72.571821718,78.745964349,87.375652181
D/S1W2,5,18,18.0,#281763,69.433789898,75.721541327,77.147650963,87.375652181
D/S1W2,5,27,35.0,#281763,67.79299479,77.513793754,76.00159501,87.375652181
D/S1W2,5,48,18.0,#306263,67.862506425,69.813280016,74.641563979,87.375652181
D/S1W2,6,48,54.0,#306263,52.103118133,80.938456322,67.758537092,87.375652181
D/S1W2,3,31,0.0,#236815,87.923237913,70.579849119,87.031143912,75.375658701
D/S1W2,3,40,25.0,#236815,89.099049463,72.53095698,86.267758773,75.375658701
D/S1W2,4,2,58.0,#236815,92.525472949,77.203876028,83.693862442,75.375658701
D/S1W2,4,12,37.0,#236815,94.470576857,79.200301748,82.275704659,75.375658701
D/S1W2,4,41,14.0,#281763,71.957232977,69.227946903,79.881907311,87.375652181
D/S1W2,5,14,54.0,#281763,69.355499437,75.82472648,77.08609615,87.375652181
D/S1W2,5,24,59.0,#281763,67.501324007,77.769104029,75.823354993,87.375652181
D/S1W2,5,47,8.0,#306263,67.653581137,70.343765695,74.478390061,87.375652181
D/S1W2,5,56,38.0,#306263,66.74474752,72.159311869,73.80714883,87.375652181
D/S1W2,6,13,5.0,#306263,64.220066608,75.264216548,72.238043611,87.375652181
D/S1W2,6,22,25.0,#306263,61.992146158,76.99034413,71.121059371,87.375652181
D/S1W2,6,47,42.0,#302106,11.928835659,76.290938683,35.626519179,87.375652181
D/S1W2,6,57,4.0,#302106,5.28585629,76.582220711,33.880230074,87.375652181
D/S1W2,7,25,22.0,#319693,44.888227679,64.443002111,38.604044202,87.375652181
D/S1W2,7,34,50.0,#319693,43.18007014,65.807399205,38.297378105,87.375652181
D/S1W2,7,55,3.0,#319613,54.385097171,73.838681378,61.791667814,87.375652181
D/S1W2,8,4,26.0,#319613,51.444891965,75.391301274,60.756522933,87.375652181
D/S1W2,8,46,44.0,#5314,36.731545549,61.830708988,22.593796696,87.375652181
D/S1W2,9,2,5.0,#5314,33.851442493,63.670830897,22.143936576,87.375652181
D/S1W2,9,11,28.0,#5314,31.79322044,64.725540473,21.698353908,87.375652181
D/S1W2,10,44,32.0,#10134,11.952405286,68.340416397,12.08566321,87.675652018
D/S1W2,11,11,11.0,#10134,1.622731619,68.998607714,3.770286457,83.375654354
D/S1W2,4,20,42.0,#251622,44.590250049,62.909936305,0.2081,51.637771868
D/S1W2,4,32,45.0,#236884,49.902390733,73.355844268,0.2081,30.748821172
D/S1W2,4,40,11.0,#254159,41.615964379,64.772305318,0.2081,53.047544554
D/S1W2,4,47,16.0,#254193,40.233423741,65.731353356,0.2081,53.295610442
D/S1W2,5,1,12.0,#247692,45.55459473,72.928939071,0.2081,35.606469346
D/S1W2,5,9,48.0,#254159,34.564429681,68.578929002,0.2081,54.734904101
D/S1W2,5,15,40.0,#254193,32.797482377,69.252868257,0.2081,55.20114503
D/S1W2,5,21,5.0,#262307,22.998989422,63.367366789,0.2081,79.234406735
D/S1W2,5,26,47.0,#254159,28.942243776,70.436288687,0.2081,56.321193541
D/S1W2,5,32,48.0,#254193,26.668557252,71.019345046,0.2081,56.957120598
D/S1W2,5,39,42.0,#247692,26.058916039,77.713529218,0.2081,40.768696599
D/S1W2,5,45,16.0,#251622,19.237216628,72.726363549,0.2081,58.236137377
D/S1W2,5,52,10.0,#262307,14.613098678,65.458691227,0.2081,81.965372825
D/S1W2,5,57,53.0,#251622,12.740391643,73.448651462,0.2081,60.159501928
D/S1W2,6,5,33.0,#250761,17.069738175,81.868423759,0.2081,33.211641581
D/S1W2,11,7,1.0,#18735,89.099313301,67.25824663,54.208204913,37.600610203
D/S1W2,11,18,47.0,#18735,90.750558513,69.697054942,54.208204913,38.225664801
D/S1W2,11,24,3.0,#18735,91.554307513,70.788457055,54.208204913,38.600378122
D/S1W2,11,30,10.0,#19572,84.56723791,71.265743602,54.208204913,47.077881553
D/S1W2,11,37,48.0,#19896,65.315637044,72.113252929,54.208204913,69.39604337
D/S1W2,11,51,41.0,#19572,86.420049426,75.71148095,64.208224341,59.170732494
D/S1W2,11,58,48.0,#22136,65.176779627,73.126808973,64.208224341,79.20065519
D/S1W2,12,12,56.0,#19572,88.507348735,80.111329234,64.208224341,62.155752414
D/S1W2,12,23,4.0,#19896,51.643607229,80.235971853,64.208224341,84.914881578
D/S1W2,12,31,46.0,#19572,91.057500963,84.014569071,64.208224341,65.542415164
D/S1W2,12,40,23.0,#22136,51.588452894,80.573955359,64.208224341,84.542330422
D/S1W2,5,6,50.0,#157382,169.730800358,43.988005947,222.573193877,81.375655441
D/S1W2,3,10,39.0,#236815,266.551538408,78.213864986,54.959523371,75.51445714
D/S1W2,3,20,23.0,#236815,268.321485167,76.198473083,54.587838123,78.583689568
D/S1W2,4,10,23.0,#268493,244.441160446,76.820976119,82.38880909,85.906327983
D/S1W2,5,8,13.0,#298846,249.846249397,75.629797058,78.803280006,86.76780183
D/S1W2,5,34,1.0,#298628,278.093685101,71.936846294,47.051830351,85.867007819
D/S1W2,8,0,26.0,#17622,9.135525119,50.424305719,5.853526859,133.081938041
D/S1W2,8,21,45.0,#24491,15.156562223,52.274734331,15.469095643,130.983116859
D/S1W2,8,40,11.0,#24491,12.881043845,53.201339623,15.534582659,131.552588578
D/S1W2,9,57,50.0,#24491,1.480342789,55.262426112,23.318793925,144.704770831
D/S1W2,10,46,48.0,#17622,349.847462638,50.087066871,20.538895369,163.07891319
D/S1W2,11,17,22.0,#24491,349.374914825,53.913295369,22.30714316,154.057599904
D/S1W2,12,27,34.0,#24491,341.144508108,50.149821129,6.844008677,150.859034739
D/S1W2,5,17,51.0,#148772,354.627560623,67.112522571,-1.214880703,87.375652181
D/S1W2,7,21,8.0,#162930,352.310317255,64.587211863,-10.245187004,87.375652181
D/S1W2,5,25,2.0,#134547,301.183886304,74.096077286,34.613861853,87.999970658
D/S1W2,5,25,3.0,#134547,301.179959613,74.093121837,34.60834009,87.999970658
D/S1W2,5,25,5.0,#134547,301.172112049,74.087210572,34.59731006,87.999970658
D/S1W2,5,25,14.0,#134547,301.13689376,74.060603831,34.547671992,87.999970658
D/S1W2,5,36,45.0,#133844,302.98976273,70.588781648,23.771138652,87.999970658
D/S1W2,5,36,46.0,#133844,302.98677547,70.585884048,23.765451046,87.999970658
D/S1W2,5,36,47.0,#133844,302.983789499,70.582986349,23.759763136,87.999970658
D/S1W2,5,36,48.0,#133844,302.980804816,70.580088551,23.754065667,87.999970658
D/S1W2,5,48,15.0,#134547,297.228179381,69.88729432,26.616912003,87.999970658
D/S1W2,5,48,17.0,#134547,297.224249139,69.881150729,26.604997045,87.999970658
D/S1W2,5,48,18.0,#134547,297.222285523,69.878078852,26.59903912,87.999970658
D/S1W2,5,48,19.0,#134547,297.22032291,69.87500692,26.593080899,87.999970658
D/S1W2,6,25,54.0,#172861,87.551174626,56.106337582,79.595288952,54.693614658
D/S1W2,6,26,0.0,#172861,87.563959314,56.12704591,79.602177676,54.693614658
D/S1W2,6,26,1.0,#172861,87.566090665,56.130497317,79.603318299,54.693614658
D/S1W2,6,26,4.0,#172861,87.572485693,56.140851569,79.606754318,54.693614658
D/S1W2,6,37,9.0,#174447,72.861409828,58.201509751,49.679224681,54.693614658
D/S1W2,6,37,10.0,#174447,72.862117802,58.204810885,49.680226501,54.693614658
D/S1W2,6,37,11.0,#174447,72.862825631,58.208112028,49.681227771,54.693614658
D/S1W2,6,37,11.0,#174447,72.862825631,58.208112028,49.681227771,54.693614658
D/S1W2,7,10,43.0,#172861,94.127574518,65.389868624,80.48647859,54.693614658
D/S1W2,7,10,43.0,#172861,94.127574518,65.389868624,80.48647859,54.693614658
D/S1W2,7,10,48.0,#172861,94.142044546,65.407096301,80.484025644,54.693614658
D/S1W2,7,10,58.0,#172861,94.171019656,65.44155071,80.479084363,54.693614658
D/S1W2,7,21,5.0,#174447,74.065878312,66.936518834,50.397262858,54.693614658
D/S1W2,7,21,7.0,#174447,74.066122875,66.943162429,50.396330335,54.693614658
D/S1W2,7,21,8.0,#174447,74.066244643,66.946484231,50.395864859,54.693614658
D/S1W2,7,21,9.0,#174447,74.06636607,66.949806033,50.395404046,54.693614658
D/S1W2,7,31,55.0,#172861,98.268201794,69.758092199,79.373871364,54.693614658
D/S1W2,7,32,7.0,#172861,98.31262896,69.79911333,79.358709354,54.693614658
D/S1W2,7,32,13.0,#172861,98.33488845,69.819622153,79.351085674,54.693614658
D/S1W2,7,32,17.0,#172861,98.349745175,69.833294051,79.346000945,54.693614658
D/S1W2,8,12,33.0,#196165,90.636075418,50.92620299,24.213714663,-11.911117339
D/S1W2,8,12,35.0,#196165,90.640870256,50.933111611,24.217476244,-11.911117339
D/S1W2,8,12,35.0,#196165,90.640870256,50.933111611,24.217466846,-11.911117339
D/S1W2,8,12,37.0,#196165,90.64566583,50.940020226,24.2212152,-11.911117339
D/S1W2,8,23,20.0,#194818,94.103820444,53.931773128,28.228520511,-11.911117339
D/S1W2,8,23,20.0,#194818,94.103820444,53.931773128,28.228520511,-11.911117339
D/S1W2,8,23,21.0,#194818,94.106509996,53.935218792,28.229818102,-11.911117339
D/S1W2,8,23,22.0,#194818,94.109199812,53.938664441,28.231115066,-11.911117339
D/S1W2,8,33,39.0,#196165,93.840280304,55.295816664,26.099276235,-11.911117339
D/S1W2,8,33,41.0,#196165,93.84564903,55.30271018,26.101471899,-11.911117339
D/S1W2,8,33,42.0,#196165,93.848333808,55.306156923,26.102571379,-11.911117339
D/S1W2,8,33,44.0,#196165,93.853704191,55.313050374,26.104761856,-11.911117339
D/S1W2,8,43,6.0,#194818,97.505959129,58.00750566,29.325134267,-11.911117339
D/S1W2,8,43,7.0,#194818,97.509031707,58.010930574,29.325679106,-11.911117339
D/S1W2,8,43,7.0,#194818,97.509031707,58.010930574,29.325674752,-11.911117339
D/S1W2,8,43,8.0,#194818,97.512104673,58.014355461,29.32621992,-11.911117339
D/S1W2,8,52,19.0,#196165,97.043268001,59.147170239,26.93285029,-11.911117339
D/S1W2,8,52,21.0,#196165,97.049386993,59.154027111,26.933633735,-11.911117339
D/S1W2,8,52,24.0,#196165,97.058568501,59.164312248,26.934793222,-11.911117339
D/S1W2,8,52,28.0,#196165,97.070816161,59.178025443,26.936349512,-11.911117339
D/S1W2,9,3,47.0,#196372,101.032043089,60.891820252,60.770565143,18.088872658
D/S1W2,9,3,56.0,#196372,101.063900515,60.922334787,60.770433079,18.088872658
D/S1W2,9,3,57.0,#196372,101.067442943,60.925725087,60.770413808,18.088872658
D/S1W2,9,3,58.0,#196372,101.070985911,60.929115344,60.770393901,18.088872658
D/S1W2,9,13,1.0,#194818,103.802886327,64.101300872,59.292294918,18.088872658
D/S1W2,9,13,2.0,#194818,103.806934144,64.10465561,59.29170782,18.088872658
D/S1W2,9,13,2.0,#194818,103.806934144,64.10465561,59.29170782,18.088872658
D/S1W2,9,13,3.0,#194818,103.810982706,64.108010291,59.291120089,18.088872658
D/S1W2,9,22,22.0,#196372,105.362506366,64.642054286,60.360765923,18.088872658
D/S1W2,9,22,23.0,#196372,105.366787819,64.645385346,60.360048866,18.088872658
D/S1W2,9,22,25.0,#196372,105.37535317,64.652047259,60.358603835,18.088872658
D/S1W2,9,22,30.0,#196372,105.396780836,64.668700842,60.35499237,18.088872658
D/S1W2,9,31,52.0,#194818,108.932850849,67.850676204,58.224980929,18.088872658
D/S1W2,9,31,53.0,#194818,108.937954962,67.853943791,58.223681201,18.088872658
D/S1W2,9,31,53.0,#194818,108.937954962,67.853943791,58.223681201,18.088872658
D/S1W2,9,31,54.0,#194818,108.943060238,67.857211275,58.222380847,18.088872658
D/S1W2,9,41,26.0,#196372,110.88303906,68.398929451,59.122192668,18.088872658
D/S1W2,9,41,27.0,#196372,110.888499707,68.40215699,59.12074967,18.088872658
D/S1W2,9,41,28.0,#196372,110.893961646,68.405384415,59.119306044,18.088872658
D/S1W2,9,41,29.0,#196372,110.899424872,68.40861172,59.117861792,18.088872658
D/S1W2,10,9,15.0,#235214,50.900876707,58.033471976,40.980233655,87.999970658
D/S1W2,10,9,16.0,#235214,50.899735384,58.036152858,40.98099307,87.999970658
D/S1W2,10,9,17.0,#235214,50.898593613,58.038833695,40.981758844,87.999970658
D/S1W2,10,9,18.0,#235214,50.897451392,58.04151449,40.982521593,87.999970658
D/S1W2,10,19,4.0,#249051,47.341721357,53.529221417,29.082304726,87.999970658
D/S1W2,10,19,5.0,#249051,47.340904304,53.531761884,29.083671301,87.999970658
D/S1W2,10,19,5.0,#249051,47.340904304,53.531761884,29.083685491,87.999970658
D/S1W2,10,19,6.0,#249051,47.340086909,53.534302317,29.085037941,87.999970658
D/S1W2,10,28,19.0,#235214,49.274690121,61.067114156,41.550014353,87.999970658
D/S1W2,10,28,22.0,#235214,49.269505582,61.074967838,41.550710689,87.999970658
D/S1W2,10,28,22.0,#235214,49.269505582,61.074967838,41.550703262,87.999970658
D/S1W2,10,28,24.0,#235214,49.266046305,61.080203288,41.551171193,87.999970658
D/S1W2,10,38,21.0,#249051,46.150463102,56.442223709,30.364242482,87.999970658
D/S1W2,10,38,22.0,#249051,46.149205098,56.444714949,30.365091033,87.999970658
D/S1W2,10,38,23.0,#249051,46.147946671,56.447206139,30.365952096,87.999970658
D/S1W2,10,38,23.0,#249051,46.147946671,56.447206139,30.36594564,87.999970658
D/S1W2,10,47,19.0,#235214,46.890296717,64.00063567,41.520287124,87.999970658
D/S1W2,10,47,19.0,#235214,46.890296717,64.00063567,41.520279975,87.999970658
D/S1W2,10,47,21.0,#235214,46.885314138,64.005679388,41.519699152,87.999970658
D/S1W2,10,47,22.0,#235214,46.882821699,64.008201094,41.519410161,87.999970658
D/S1W2,10,56,50.0,#237752,50.625139008,65.166295143,48.442014876,87.999970658
D/S1W2,10,56,53.0,#237752,50.617978606,65.174305894,48.440877138,87.999970658
D/S1W2,10,56,53.0,#237752,50.617978606,65.174305894,48.440877138,87.999970658
D/S1W2,10,56,55.0,#237752,50.613200905,65.179645938,48.440112519,87.999970658
D/S1W2,11,5,51.0,#249051,43.434296018,60.465632659,31.200795149,87.999970658
D/S1W2,11,5,51.0,#249051,43.434296018,60.465632659,31.200795149,87.999970658
D/S1W2,11,5,52.0,#249051,43.432218079,60.468007675,31.200946147,87.999970658
D/S1W2,11,5,54.0,#249051,43.428060463,60.472757431,31.201246844,87.999970658
D/S1W2,11,14,48.0,#237752,47.525017562,67.983613004,47.755925454,87.999970658
D/S1W2,11,14,49.0,#237752,47.521598039,67.986160895,47.755033323,87.999970658
D/S1W2,11,14,50.0,#237752,47.518177401,67.988708646,47.754140719,87.999970658
D/S1W2,11,14,53.0,#237752,47.5079088,67.996351063,47.751454313,87.999970658
D/S1W2,11,23,52.0,#249051,40.824676986,62.97347195,31.11155049,87.999970658
D/S1W2,11,23,52.0,#249051,40.824676986,62.97347195,31.11155049,87.999970658
D/S1W2,11,23,53.0,#249051,40.821902061,62.975730268,31.111234179,87.999970658
D/S1W2,11,23,54.0,#249051,40.819126424,62.977988458,31.110917436,87.999970658
D/S1W2,11,32,59.0,#237752,43.057151642,70.667426051,46.502858988,87.999970658
D/S1W2,11,33,0.0,#237752,43.052306216,70.66978444,46.501448647,87.999970658
D/S1W2,11,33,2.0,#237752,43.042610806,70.674500582,46.49863892,87.999970658
D/S1W2,11,33,3.0,#237752,43.037760828,70.67685833,46.497228835,87.999970658
D/S1W2,11,41,57.0,#249051,37.364951426,65.340646149,30.514893527,87.999970658
D/S1W2,11,41,58.0,#249051,37.361320439,65.342742574,30.514104228,87.999970658
D/S1W2,11,41,59.0,#249051,37.357688584,65.344838827,30.51332043,87.999970658
D/S1W2,11,42,0.0,#249051,37.354055861,65.346934905,30.512536204,87.999970658
D/S1W2,11,51,40.0,#237752,36.573512488,73.155267787,44.638277898,87.999970658
D/S1W2,11,51,45.0,#237752,36.539422098,73.165555605,44.628664134,87.999970658
D/S1W2,11,51,46.0,#237752,36.532598028,73.167612178,44.62674086,87.999970658
D/S1W2,11,51,48.0,#237752,36.518943899,73.17172433,44.62288604,87.999970658
D/S1W2,3,54,17.0,#180569,123.795390598,71.463385173,73.221693504,28.621184499
D/S1W2,3,54,17.0,#180569,123.795390598,71.463385173,73.221693504,28.621190231
D/S1W2,3,54,18.0,#180569,123.80347229,71.466255853,73.229195115,28.630990418
D/S1W2,3,54,19.0,#180569,123.811556138,71.469126261,73.236696097,28.640790597
D/S1W2,4,8,8.0,#180093,124.398821034,76.376035577,66.401445003,35.359942066
D/S1W2,4,8,35.0,#180093,124.68110725,76.452867011,66.581822675,35.617337381
D/S1W2,4,8,45.0,#180093,124.786384231,76.481256645,66.648508521,35.712653066
D/S1W2,4,8,59.0,#180093,124.934437447,76.520941129,66.741792263,35.846072358
D/S1W2,4,19,59.0,#183031,109.720187361,77.200521866,49.68211695,29.286585684
D/S1W2,4,20,12.0,#183031,109.817710999,77.242784017,49.769052379,29.407036285
D/S1W2,4,21,3.0,#183031,110.205651818,77.408328154,50.109446387,29.87989067
D/S1W2,4,21,12.0,#183031,110.275012435,77.437499057,50.169402504,29.96332696
D/S1W2,4,32,4.0,#180569,149.359135553,76.933874296,68.548422918,30.730131695
D/S1W2,4,32,16.0,#180569,149.541287585,76.95494504,68.620274544,30.846064436
D/S1W2,4,32,56.0,#180569,150.152402434,77.024356059,68.858887926,31.232309749
D/S1W2,4,33,26.0,#180569,150.61471123,77.075572378,69.037141801,31.521903286
D/S1W2,4,45,12.0,#180569,162.432097196,78.051087935,37.046365223,2.301089867
D/S1W2,4,45,20.0,#180569,162.575491025,78.059396588,37.089735198,2.377491108
D/S1W2,4,45,23.0,#180569,162.629311976,78.062495316,37.105993032,2.406136279
D/S1W2,4,45,29.0,#180569,162.737032523,78.068664885,37.138452489,2.463429221
D/S1W2,4,59,31.0,#180093,182.509147705,81.654090212,27.797258749,8.253917832
D/S1W2,4,59,34.0,#180093,182.586769416,81.653629501,27.810889012,8.28131725
D/S1W2,5,12,42.0,#178646,202.234137487,75.116806556,59.140249202,27.377036981
D/S1W2,5,12,44.0,#178646,202.262896687,75.114190619,59.14763515,27.395413572
D/S1W2,5,12,46.0,#178646,202.291646511,75.111571474,59.155024707,27.413795335
D/S1W2,5,12,48.0,#178646,202.320386959,75.108949122,59.162399128,27.432160099
D/S1W2,5,32,26.0,#180093,224.19631993,78.799933045,35.305421686,25.822322933
D/S1W2,5,32,27.0,#180093,224.211175389,78.797524507,35.308460116,25.830952001
D/S1W2,5,32,30.0,#180093,224.255706298,78.790295044,35.317594625,25.856837398
D/S1W2,5,32,37.0,#180093,224.359405201,78.773403897,35.338868338,25.917226131
D/S1W2,5,43,21.0,#180569,222.060118246,75.206437046,51.345755273,34.290169196
D/S1W2,5,43,22.0,#180569,222.072178303,75.204122554,51.348484792,34.298857585
D/S1W2,5,43,23.0,#180569,222.084234926,75.201807521,51.351206611,34.307545643
D/S1W2,5,43,24.0,#180569,222.09628811,75.199491951,51.3539271,34.316233365
D/S1W2,5,54,7.0,#180093,239.351691136,75.249260009,38.600935746,36.777805563
D/S1W2,5,54,11.0,#180093,239.387819375,75.237369891,38.609019974,36.810610627
D/S1W2,5,54,13.0,#180093,239.405864387,75.23142317,38.613043552,36.827007349
D/S1W2,5,54,14.0,#180093,239.414882125,75.228449393,38.615057463,36.835205174
D/S1W2,6,4,17.0,#178646,235.035379996,68.265408942,66.665742698,54.229923312
D/S1W2,6,4,21.0,#178646,235.064631142,68.25408289,66.67031783,54.26228481
D/S1W2,6,4,26.0,#178646,235.101158667,68.239919649,66.675997243,54.302700789
D/S1W2,6,5,2.0,#178646,235.362968229,68.137759207,66.716437081,54.593559655
D/S1W2,6,14,40.0,#180093,248.508477239,71.417547068,40.48101143,46.602171888
D/S1W2,6,14,57.0,#180093,248.612176393,71.362883798,40.498407277,46.733426373
D/S1W2,6,14,58.0,#180093,248.618260956,71.359667103,40.499423178,46.741136242
D/S1W2,6,15,0.0,#180093,248.630424964,71.353233314,40.501437669,46.756559585
D/S1W2,6,26,47.0,#178646,243.622466195,64.249649146,67.4454077,64.747581906
D/S1W2,6,27,28.0,#178646,243.848388854,64.122635787,67.445047304,65.053835317
D/S1W2,6,28,53.0,#178646,244.311195117,63.858538692,67.439889343,65.68613685
D/S1W2,6,29,59.0,#178646,244.665471955,63.652769872,67.431524046,66.174667007
D/S1W2,6,53,29.0,#180093,259.383788595,63.679140772,40.684097575,63.395624312
D/S1W2,6,53,31.0,#180093,259.391060433,63.672349891,40.682370042,63.40893722
D/S1W2,6,53,32.0,#180093,259.394695413,63.668954389,40.681513605,63.415597777
D/S1W2,6,53,33.0,#180093,259.398329764,63.665558849,40.68065636,63.422267437
D/S1W2,7,7,50.0,#180569,256.109431339,59.900806423,54.628070328,73.135328863
D/S1W2,7,10,22.0,#180569,256.677570937,59.390454501,54.398398178,74.111562402
D/S1W2,8,59,49.0,#183031,122.208245975,81.001416697,76.844526901,59.999967396
D/S1W2,9,0,13.0,#183031,122.546114473,81.071436737,76.765780055,59.999967396
D/S1W2,9,0,26.0,#183031,122.731166708,81.109254044,76.722996812,59.999967396
D/S1W2,10,11,57.0,#180569,228.150300647,73.865520635,43.749586343,29.999983698
D/S1W2,10,11,59.0,#180569,228.170929053,73.860373268,43.737149684,29.999983698
D/S1W2,10,11,59.0,#180569,228.170929053,73.860373268,43.737149684,29.999983698
D/S1W2,10,12,1.0,#180569,228.191545698,73.855224244,43.724709872,29.999983698
D/S1W2,6,6,5.0,#236815,77.730388142,49.1405867,71.020447716,63.375665222
D/S1W2,6,11,38.0,#236815,78.230449508,50.265719965,71.80564633,63.375665222
D/S1W2,7,1,59.0,#228476,70.442429253,65.639063889,53.823467576,63.375665222
D/S1W2,7,37,39.0,#236815,86.467128159,67.915535745,99.794176678,87.375652181
D/S1W2,7,57,31.0,#236815,88.803250347,72.029451735,98.501051492,87.375652181
D/S1W2,8,30,24.0,#228476,51.473728274,82.279243831,41.036349991,59.375667396
D/S1W2,9,43,26.0,#228476,301.378618533,80.370631379,51.227772057,87.375652181
D/S1W2,5,16,37.0,#141932,354.816466813,56.91946242,-33.240237834,87.375652181
D/S1W2,5,26,57.0,#151092,4.874546808,54.214222795,-34.172680186,87.375652181
D/S1W2,5,35,19.0,#151092,3.649227312,54.343131585,-34.864843506,87.375652181
D/S1W2,5,35,23.0,#151092,3.639405455,54.344009875,-34.870580998,87.375652181
D/S1W2,5,53,10.0,#158783,12.062278169,55.696109527,-23.195890271,87.375652181
D/S1W2,6,2,1.0,#158783,10.655879968,56.057515324,-23.721513935,87.375652181
D/S1W2,6,26,8.0,#158783,6.60167545,56.809418517,-25.52621352,87.375652181
D/S1W2,6,26,11.0,#158783,6.592987119,56.810609181,-25.530511766,87.375652181
D/S1W2,6,26,13.0,#158783,6.587194349,56.81140209,-25.533378525,87.375652181
D/S1W2,11,12,7.0,#214190,139.478355573,82.958978582,86.529721603,71.375660875
D/S1W2,11,12,9.0,#214190,139.525606571,82.963465478,86.522213557,71.375660875
D/S1W2,11,50,58.0,#236815,100.05290455,82.898334747,70.165722081,66.375663592
D/S1W2,12,21,29.0,#214190,245.535130496,78.279455925,82.452415983,87.375652181
D/S1W2,4,43,26.0,#5314,25.709403015,67.012755939,6.485175108,73.811806898
D/S1W2,4,53,1.0,#5314,22.702705065,67.827835524,3.188441539,71.418448744
D/S1W2,5,26,33.0,#5314,10.146580615,69.81737118,10.310787698,82.709565992
D/S1W2,5,36,12.0,#5314,6.076657957,70.099935352,6.245134165,80.125322499
D/S1W2,6,4,34.0,#14835,26.010657802,70.92086054,24.754402739,82.311604112
D/S1W2,6,4,35.0,#14835,26.004030962,70.9223753,24.747900475,82.307039401
D/S1W2,6,14,3.0,#14835,22.034901932,71.721972665,20.965408247,79.691912467
D/S1W2,6,41,54.0,#14835,8.225623671,73.247812926,8.85128544,71.77499615
D/S1W2,6,52,8.0,#14835,2.603689937,73.448359878,4.055852783,68.798987763
D/S1W2,7,26,42.0,#30813,45.663645931,70.905050906,42.71250222,81.022553728
D/S1W2,7,36,38.0,#30813,42.61535766,72.340007125,38.9559944,78.173676908
D/S1W2,8,50,23.0,#54213,146.443970833,45.782420275,167.370745509,33.687501581
D/S1W2,8,59,46.0,#54213,149.492607246,46.814137188,162.672103268,29.93740923
D/S1W2,8,59,48.0,#54213,149.503650005,46.817643991,162.654851889,29.923921218
D/S1W2,9,32,35.0,#63793,149.304075848,48.791753679,175.972277654,48.627591622
D/S1W2,10,17,57.0,#74293,151.051585106,51.573743539,175.198733085,54.832864157
D/S1W2,10,28,24.0,#74293,155.002191746,52.556471224,169.178346459,50.420696935
D/S1W2,2,55,18.0,#13826,64.001977582,48.995576451,37.979789443,63.375665088
D/S1W2,3,2,48.0,#13826,64.259851844,50.394368681,39.043997689,63.375665089
D/S1W2,4,14,51.0,#12487,54.594374226,64.779588323,29.281258674,63.37566509
D/S1W2,9,30,37.0,#113860,83.561667556,43.874475927,93.971469481,69.375661822
D/S1W2,4,21,10.0,#252813,61.216538983,63.975425756,0.2081,24.627803575
D/S1W2,4,34,10.0,#256129,55.326326216,64.816982411,0.2081,33.163814481
D/S1W2,4,41,33.0,#265009,43.726504664,62.138663379,0.2081,54.078309126
D/S1W2,4,50,48.0,#252813,58.22049188,69.290052101,0.2081,25.456562837
D/S1W2,5,2,46.0,#256129,50.8853673,69.571380405,0.2081,34.285407183
D/S1W2,5,18,28.0,#301970,63.133672298,59.894627022,0.2081,23.338223342
D/S1W2,5,26,55.0,#301163,65.287032058,61.950488971,0.2081,18.751563592
D/S1W2,5,33,47.0,#306258,62.471848971,59.39041645,0.2081,24.780615667
D/S1W2,5,39,17.0,#301163,64.901700348,64.275750917,0.2081,18.6281596
D/S1W2,5,48,39.0,#294660,61.744441459,68.748821426,0.2081,21.245259353
D/S1W2,5,54,22.0,#301163,64.046159392,67.097855345,0.2081,18.869170011
D/S1W2,6,3,3.0,#301970,60.464325012,68.063313483,0.2081,23.35125402
D/S1W2,6,9,16.0,#301163,62.632259422,69.859122675,0.2081,19.528302314
D/S1W2,6,18,7.0,#286136,22.224287136,68.384606693,0.2081,67.447307264
D/S1W2,6,27,45.0,#278535,11.776328921,66.898228396,0.2081,80.127746918
D/S1W2,6,35,17.0,#300814,21.984051907,64.455567656,0.2081,77.638784285
D/S1W2,6,44,9.0,#304699,28.315282878,66.626708254,0.2081,65.710763686
D/S1W2,6,56,30.0,#278535,1.674943928,67.601955024,0.2081,84.249117204
D/S1W2,8,44,40.0,#250899,297.173723836,61.122670282,0.2081,82.721879262
D/S1W2,8,53,27.0,#259240,295.61000701,62.264206299,0.2081,78.173483625
D/S1W2,8,59,17.0,#262559,295.089450741,61.997522638,0.2081,78.141120564
D/S1W2,9,7,45.0,#259240,295.333570266,59.587817193,0.2081,83.856598956
D/S1W2,9,13,5.0,#269036,295.924095535,60.899394911,0.2081,81.676975381
D/S1W2,9,18,31.0,#259240,295.289864493,57.570260968,0.2081,88.225643841
D/S1W2,9,24,6.0,#269036,295.762260756,58.844095841,0.2081,86.08181532
D/S1W2,9,34,13.0,#319528,3.5276129,73.706151699,0.2081,63.740528739
D/S1W2,9,40,50.0,#319693,11.678633889,74.341209309,0.2081,58.027942716
D/S1W2,9,46,30.0,#319702,8.460049026,73.304644953,0.2081,62.834412813
D/S1W2,9,53,37.0,#319693,3.989789593,74.703658894,0.2081,60.306461875
D/S1W2,10,1,59.0,#319528,347.976689551,73.273340712,0.2081,69.365664955
D/S1W2,10,7,5.0,#319528,345.299256063,73.028931027,0.2081,70.508284158
D/S1W2,10,27,23.0,#315233,229.795451504,58.334028096,40.208177713,9.215264958
D/S1W2,10,32,18.0,#315233,231.520246161,57.545857901,40.208078264,11.524578374
D/S1W2,10,48,7.0,#305074,257.277845005,49.037604404,40.208177713,64.422207764
D/S1W2,10,53,18.0,#308206,255.960718937,51.020080541,40.208177713,60.774212603
D/S1W2,10,59,12.0,#305074,259.355937043,46.787969294,40.208177713,70.289394412
D/S1W2,11,4,51.0,#303462,262.683134175,44.699901971,40.208177713,79.659772299
D/S1W2,11,26,2.0,#18735,91.251712595,70.384821258,40.208177713,24.454691162
D/S1W2,11,34,16.0,#19572,84.5813873,71.300562425,40.208177713,33.090369116
D/S1W2,11,45,58.0,#19572,85.570729824,73.716649528,40.208177713,34.115114309
D/S1W2,11,53,57.0,#19896,63.394658238,74.397533085,40.208177713,56.509886009
D/S1W2,12,5,17.0,#19896,60.757294457,76.474520239,40.208177713,57.793650902
D/S1W2,12,16,37.0,#19572,88.480338914,80.059960811,40.208177713,38.115138573
D/S1W2,12,34,14.0,#18735,115.57741269,84.234682927,70.208235998,64.224352664
D/S1W2,4,58,3.0,#157382,197.470320618,42.908709971,197.669259995,82.375654898
D/S1W2,5,50,5.0,#170012,184.786154412,51.27256493,193.215203805,81.375655441
D/S1W2,10,23,28.0,#217087,297.816846329,70.806989579,15.805391937,75.375658701
D/S1W2,3,37,24.0,#148772,25.062317529,63.39329986,10.73772833,87.375652181
D/S1W2,4,45,19.0,#153578,18.454069923,66.564335687,11.984168441,87.375652181
D/S1W2,5,21,7.0,#153578,6.035108975,68.158152567,7.435278008,87.375652181
D/S1W2,6,13,8.0,#153578,346.71509594,67.456000779,-1.980174465,87.375652181
D/S1W2,6,53,10.0,#163996,3.045576773,72.884605478,20.970043197,87.375652181
D/S1W2,10,45,56.0,#320010,6.17923762,68.219740001,0.2081,79.87171435
D/S1W2,11,11,36.0,#16080,39.428972643,64.437234561,20.208138857,76.58812629
D/S1W2,11,26,11.0,#16080,36.278258871,66.294191628,20.208138857,77.261332901
D/S1W2,11,34,3.0,#16080,34.286656635,67.23637291,20.208138857,77.761197402
D/S1W2,11,42,47.0,#14835,30.352948948,69.781240979,20.208138857,76.484588159
D/S1W2,11,49,50.0,#14835,27.811535472,70.491866992,20.208138857,77.216740269
D/S1W2,12,1,37.0,#17438,23.923640521,66.81708238,4.208107771,73.79401879
D/S1W2,12,11,28.0,#14835,18.603083328,72.269529635,4.208107771,63.930427386
D/S1W2,12,30,21.0,#16080,13.024961384,72.085117437,4.208107771,68.05748402
D/S1W2,6,56,20.0,#203619,154.283789408,29.623303556,220.862965813,47.375673917
D/S1W2,7,24,20.0,#210170,158.043930985,28.616929965,225.661186989,49.37567283
D/S1W2,2,23,38.0,#15469,66.632003209,40.841002655,26.779594941,47.375673822
D/S1W2,7,9,9.0,#63849,87.148692377,48.434368745,111.772383999,81.375655282
D/S1W2,6,45,33.0,#249051,48.282863782,49.108676665,15.490807353,77.375657615
D/S1W2,6,53,54.0,#249051,48.097082143,50.398793785,16.475077803,77.375657615
D/S1W2,7,29,52.0,#233793,29.550485273,57.51317329,3.688571068,87.375652181
D/S1W2,8,0,47.0,#278535,39.323656,52.74449144,11.702463053,87.375652181
D/S1W2,8,41,13.0,#233793,15.3083008,63.30541589,0.323669413,87.375652181
D/S1W2,4,41,18.0,#33500,84.607147183,38.220870095,85.950396911,55.375669451
D/S1W2,6,52,21.0,#34919,87.837878802,66.64770519,54.875185382,39.37567818
D/S1W2,7,26,6.0,#33500,118.546257186,71.60549033,79.68567801,39.37567818
D/S1W2,8,7,45.0,#33500,146.059276464,78.108268376,104.487482242,71.375660724
D/S1W2,8,31,14.0,#19572,274.9548611,72.479747961,52.568044453,87.375651996
D/S1W2,7,48,5.0,#33252,88.431683429,49.492694299,38.519424093,6.015381184
D/S1W2,7,48,6.0,#33252,88.43392283,49.496147532,38.533456757,6.027240874
D/S1W2,7,48,8.0,#33252,88.438402066,49.50305401,38.561521645,6.050947482
D/S1W2,7,48,10.0,#33252,88.442881883,49.509960505,38.589576139,6.074670073
D/S1W2,8,16,10.0,#35200,83.30994135,55.064878941,33.995756644,16.839589946
D/S1W2,8,16,13.0,#35200,83.315263279,55.075172008,34.035329266,16.874941616
D/S1W2,8,16,15.0,#35200,83.318811624,55.082034115,34.061709892,16.898511223
D/S1W2,8,16,17.0,#35200,83.322360285,55.088896271,34.088089624,16.922082292
D/S1W2,8,28,36.0,#36116,74.650985347,57.89303322,18.569946245,20.055589849
D/S1W2,8,29,46.0,#36116,74.713214767,58.126259493,19.429815716,20.843596796
D/S1W2,8,29,54.0,#36116,74.72029342,58.152918331,19.527997546,20.933746527
D/S1W2,8,31,31.0,#36116,74.80557155,58.476227924,20.71730109,22.028400981
D/S1W2,9,8,50.0,#38572,37.197968751,59.735158385,8.938442159,76.773179387
D/S1W2,9,8,54.0,#38572,37.188501908,59.743511485,8.97201973,76.806671211
D/S1W2,9,8,55.0,#38572,37.18613384,59.745599477,8.980419799,76.815044534
D/S1W2,9,9,0.0,#38572,37.174285352,59.756037725,9.022393789,76.856921792
D/S1W2,9,46,40.0,#36116,76.830817751,73.604287109,40.391494072,43.126711229
D/S1W2,9,46,42.0,#36116,76.830166737,73.611014455,40.41242395,43.150791866
D/S1W2,9,46,44.0,#36116,76.829513141,73.617741784,40.43335171,43.174872588
D/S1W2,9,46,46.0,#36116,76.828856959,73.624469097,40.454283441,43.198953403
D/S1W2,9,59,24.0,#35200,99.003583853,76.400406819,76.738084931,62.268755203
D/S1W2,9,59,25.0,#35200,99.008169426,76.403818759,76.748609345,62.281537628
D/S1W2,9,59,26.0,#35200,99.012756715,76.407230659,76.759132105,62.294329495
D/S1W2,9,59,29.0,#35200,99.026528864,76.417466095,76.79071805,62.332696988
D/S1W2,10,13,15.0,#36116,75.104531774,78.955225754,56.373772206,62.314530586
D/S1W2,10,13,21.0,#36116,75.091297902,78.975255792,56.431087711,62.386488899
D/S1W2,10,13,22.0,#36116,75.089084995,78.978594013,56.440636351,62.398481673
D/S1W2,10,13,23.0,#36116,75.08687001,78.9819322,56.450184376,62.410467636
D/S1W2,10,39,49.0,#57683,83.03223235,68.027163938,33.888663346,26.166690974
D/S1W2,10,39,52.0,#57683,83.036166439,68.037451022,33.923362563,26.203524349
D/S1W2,10,39,55.0,#57683,83.040100666,68.047738191,33.958057728,26.240352894
D/S1W2,10,39,57.0,#57683,83.042723562,68.054596352,33.981185584,26.264905888
D/S1W2,10,52,15.0,#58751,72.967148093,70.084868695,23.055587928,29.339496341
D/S1W2,10,52,40.0,#58751,72.95589217,70.167441223,23.325334709,29.633887569
D/S1W2,10,52,51.0,#58751,72.950824941,70.203771545,23.443926382,29.763456829
D/S1W2,10,52,53.0,#58751,72.949896055,70.210376951,23.465486951,29.787013033
D/S1W2,11,3,54.0,#58914,67.267434313,72.089744708,22.561277342,35.555162264
D/S1W2,11,4,0.0,#58914,67.256731572,72.108860999,22.622715206,35.624491513
D/S1W2,11,4,3.0,#58914,67.25136543,72.118418584,22.653423284,35.659160148
D/S1W2,11,4,18.0,#58914,67.224386407,72.166200857,22.806897914,35.832502935
D/S1W2,11,20,30.0,#55322,53.64113416,76.383391084,28.126230371,51.759599949
D/S1W2,11,21,1.0,#55322,53.450432261,76.46952744,28.407255401,52.106216025
D/S1W2,11,21,6.0,#55322,53.419399033,76.483400479,28.452516508,52.162090795
D/S1W2,11,21,23.0,#55322,53.313309566,76.53052695,28.606343681,52.35215495
D/S1W2,11,32,44.0,#58751,69.111898994,78.046526132,47.780302322,58.045386943
D/S1W2,11,32,54.0,#58751,69.077092785,78.078797294,47.875371324,58.163378588
D/S1W2,11,33,29.0,#58751,68.953241641,78.191686677,48.20761088,58.576244965
D/S1W2,11,34,12.0,#58751,68.796658384,78.330248869,48.614833891,59.083395924
D/S1W2,11,47,23.0,#58914,56.017108265,80.112899747,47.458284483,65.669692985
D/S1W2,11,47,34.0,#58914,55.920746963,80.144391483,47.554913789,65.795734758
D/S1W2,11,47,36.0,#58914,55.903151148,80.150113403,47.572468646,65.818652563
D/S1W2,11,47,54.0,#58914,55.743734132,80.201556857,47.73042281,66.024918939
D/S1W2,12,0,46.0,#58751,56.99108193,83.277307696,62.898193734,77.748775369
D/S1W2,12,1,10.0,#58751,56.660594924,83.346703535,63.100646314,78.027121121
D/S1W2,12,1,17.0,#58751,56.562786558,83.366894285,63.159613058,78.10829635
D/S1W2,12,1,23.0,#58751,56.478434515,83.384182487,63.21012171,78.177839089
D/S1W2,12,18,20.0,#55322,0.925835657,82.768656862,53.946286163,87.814573364
D/S1W2,12,18,21.0,#55322,0.900963386,82.768711928,53.953151598,87.825177885
D/S1W2,12,18,24.0,#55322,0.826344294,82.768868128,53.973842049,87.857107811
D/S1W2,12,18,27.0,#55322,0.751721945,82.769010832,53.994556114,87.889100757
D/S1W2,3,44,12.0,#218703,57.965602426,71.796595426,62.271649243,85.905262433
D/S1W2,11,11,44.0,#17438,33.396925392,62.995181954,15.601391869,82.77173011
D/S1W2,11,19,0.0,#14835,34.172759062,68.452914793,19.074809277,74.282279842
D/S1W2,11,26,8.0,#16080,33.223281482,67.682806857,5.21243423,63.047562473
D/S1W2,11,32,58.0,#14835,29.662684049,69.986053712,13.441684067,69.916680193
D/S1W2,11,41,40.0,#17438,26.287913333,66.099284045,10.901062347,79.796152319
D/S1W2,11,52,30.0,#14835,21.888846244,71.754512888,19.032450707,77.778586832
D/S1W2,12,0,36.0,#19572,86.515708297,75.929561488,44.595028599,39.683803766
D/S1W2,12,15,50.0,#18735,101.807918446,79.831618183,63.281594688,53.05749156
D/S1W2,12,23,30.0,#19896,55.582997508,78.995210384,25.509179218,45.050961869
D/S1W2,12,32,29.0,#19572,89.941075387,82.533513366,56.539215112,56.507144688
D/S1W2,12,32,41.0,#19572,89.969026305,82.574967682,56.607179418,56.612003863
D/S1W2,12,41,44.0,#22136,55.248878263,79.489184969,27.103019467,46.390106087
D/S1W2,3,34,5.0,#218703,60.220748659,69.296472517,60.208067396,82.907574794
D/S1W2,6,7,10.0,#289002,38.633983178,69.267300226,10.208119428,58.95365354
D/S1W2,6,27,4.0,#237298,343.178883798,72.712131331,10.208119428,81.754656467
D/S1W2,6,34,39.0,#254159,1.630333114,73.65905698,10.208119428,74.620454133
D/S1W2,6,55,4.0,#236884,313.679309653,74.951650903,30.208158285,87.83173793
D/S1W2,7,13,20.0,#249051,337.371897838,70.447764447,0.2081,79.576598193
D/S1W2,7,26,1.0,#237298,321.692049683,66.848869822,0.2081,87.429146985
D/S1W2,7,51,46.0,#306258,24.436786656,80.528303286,44.20807609,78.285721648
D/S1W2,8,7,58.0,#301163,337.896413988,82.391254261,44.208185485,81.023610869
D/S1W2,8,25,4.0,#301970,326.34903758,79.94341192,38.208173828,82.785091661
D/S1W2,8,32,4.0,#301970,321.016857278,79.08278167,38.208173828,84.700878022
D/S1W2,8,40,12.0,#301163,310.193208384,78.305936518,42.208181599,87.893710905
D/S1W2,8,48,42.0,#306258,323.249537389,78.986226169,36.208169942,83.533839945
D/S1W2,10,45,8.0,#319693,338.542617402,73.273685743,0.2081,69.77826749
D/S1W2,10,50,19.0,#319702,338.779734673,71.939888416,0.2081,74.468164986
D/S1W2,10,57,11.0,#319693,332.899675173,72.244505161,0.2081,72.822179777
D/S1W2,11,3,38.0,#319872,344.104751421,72.835803203,0.2081,71.271829511
D/S1W2,11,9,45.0,#319693,327.860282911,70.954738917,0.2081,76.178004725
D/S1W2,11,15,24.0,#319702,328.892323698,69.63066559,0.2081,80.932543888
D/S1W2,11,40,59.0,#19896,66.264189515,70.485290612,20.208138857,34.780221795
D/S1W2,11,52,53.0,#18311,70.414453575,75.237154696,30.208158285,39.556342504
D/S1W2,12,18,38.0,#21703,60.945529579,75.020836678,30.208158285,48.526456414
D/S1W2,12,25,40.0,#18311,61.578188346,81.487090265,60.20821657,74.176036248
D/S1W2,12,34,25.0,#22136,59.819942859,77.519335605,60.20821657,77.869567496
D/S1W2,4,48,32.0,#148772,6.30603666,67.055802024,4.205934287,87.375652181
D/S1W2,3,1,48.0,#41295,96.861776904,45.251144778,124.147218247,67.875638616
D/S1W2,3,3,38.0,#41295,97.167402228,45.628298247,124.147218247,67.6047912
D/S1W2,3,3,53.0,#41295,97.209286055,45.679708873,124.147218247,67.568467119
D/S1W2,3,5,24.0,#41295,97.46447024,45.991496848,124.147218247,67.351047212
D/S1W2,3,16,25.0,#43354,103.398500808,44.215138483,124.147218247,51.650262418
D/S1W2,3,16,26.0,#43354,103.401629801,44.218498962,124.147218247,51.647957769
D/S1W2,3,16,27.0,#43354,103.404759065,44.221859399,124.147218247,51.645653773
D/S1W2,3,16,29.0,#43354,103.411018402,44.228580139,124.147218247,51.641047746
D/S1W2,3,32,46.0,#43154,105.72971236,48.126931537,124.147218247,52.489361399
D/S1W2,3,33,0.0,#43154,105.777272538,48.173478331,124.147218247,52.46674394
D/S1W2,3,33,8.0,#43154,105.804479946,48.200071597,124.147218247,52.453876095
D/S1W2,3,33,30.0,#43154,105.879413845,48.273184616,124.147218247,52.41869361
D/S1W2,4,3,45.0,#43556,109.584857538,55.014155457,124.147218247,57.350199881
D/S1W2,4,5,49.0,#43556,110.085512738,55.417103819,124.147218247,57.300270025
D/S1W2,4,7,24.0,#43556,110.47471238,55.724940107,124.147218247,57.268986869
D/S1W2,4,7,36.0,#43556,110.524229345,55.763769369,124.147218247,57.265450057
D/S1W2,4,19,43.0,#43154,117.025216954,57.194105657,124.147218247,50.576376375
D/S1W2,4,20,37.0,#43154,117.284617713,57.360088576,124.147218247,50.591759779
D/S1W2,4,20,43.0,#43154,117.313564652,57.378507249,124.147218247,50.593579645
D/S1W2,4,20,47.0,#43154,117.332876533,57.390783694,124.147218247,50.594807267
D/S1W2,4,48,18.0,#41295,123.273300035,66.05227097,102.147230201,43.19199442
D/S1W2,4,48,26.0,#41295,123.326281216,66.075369597,102.147230201,43.205408236
D/S1W2,4,48,33.0,#41295,123.372709776,66.09556937,102.147230201,43.217158814
D/S1W2,4,48,35.0,#41295,123.385987104,66.101338753,102.147230201,43.220526151
D/S1W2,5,2,45.0,#41295,129.554503043,68.464278246,102.147230201,44.885112377
D/S1W2,5,2,48.0,#41295,129.578284286,68.472267404,102.147230201,44.891821183
D/S1W2,5,2,51.0,#41295,129.602080773,68.480253819,102.147230201,44.898524153
D/S1W2,5,2,53.0,#41295,129.617953571,68.485576572,102.147230201,44.902995994
D/S1W2,5,20,35.0,#43354,141.467408814,66.290492577,102.147230201,31.023577413
D/S1W2,5,20,37.0,#43354,141.484418096,66.294795842,102.147230201,31.028908031
D/S1W2,5,20,38.0,#43354,141.492924764,66.296946871,102.147230201,31.031574309
D/S1W2,5,20,39.0,#43354,141.501432793,66.299097501,102.147230201,31.034241236
D/S1W2,5,34,25.0,#43154,148.438075271,68.772019028,102.147230201,36.444879195
D/S1W2,5,34,27.0,#43154,148.457934035,68.775634347,102.147230201,36.451307088
D/S1W2,5,34,29.0,#43154,148.477798859,68.779247626,102.147230201,36.457737502
D/S1W2,5,34,30.0,#43154,148.487733546,68.7810535,102.147230201,36.460953657
D/S1W2,5,51,9.0,#41295,161.140086643,74.310469929,102.147230201,54.001108193
D/S1W2,5,51,13.0,#41295,161.196054278,74.31493033,102.147230201,54.017215783
D/S1W2,5,51,14.0,#41295,161.210050786,74.316043434,102.147230201,54.021236381
D/S1W2,5,51,18.0,#41295,161.266055165,74.320487858,102.147230201,54.03734046
D/S1W2,6,4,18.0,#41295,172.658710967,74.930552656,102.147230201,57.357660652
D/S1W2,6,4,22.0,#41295,172.719017876,74.93231112,102.147230201,57.375589699
D/S1W2,6,4,24.0,#41295,172.749176225,74.933184942,102.147230201,57.384560663
D/S1W2,6,4,39.0,#41295,172.97546652,74.939623564,102.147230201,57.451921764
D/S1W2,6,28,30.0,#43354,185.824890743,70.457755847,102.147230201,47.054523745
D/S1W2,6,28,31.0,#43354,185.836922785,70.457404892,102.147230201,47.059669503
D/S1W2,6,28,32.0,#43354,185.848954423,70.457053216,102.147230201,47.064815821
D/S1W2,6,28,33.0,#43354,185.860985672,70.456700817,102.147230201,47.069962703
D/S1W2,6,39,15.0,#43354,193.469542219,70.083787172,102.147230201,50.488947018
D/S1W2,6,39,15.0,#43354,193.469542219,70.083787172,102.147230201,50.488947018
D/S1W2,6,39,16.0,#43354,193.481164144,70.082982174,102.147230201,50.494449228
D/S1W2,6,39,16.0,#43354,193.481164144,70.082982174,102.147230201,50.494449228
D/S1W2,6,42,0.0,#43354,195.375108225,69.941806341,102.147230201,51.404124518
D/S1W2,6,42,1.0,#43354,195.386580477,69.940890084,102.147230201,51.409715988
D/S1W2,6,42,2.0,#43354,195.398051765,69.93997316,102.147230201,51.415307994
D/S1W2,6,42,3.0,#43354,195.409522105,69.939055569,102.147230201,51.420900541
D/S1W2,7,12,35.0,#43354,214.413010483,67.249645136,46.147260632,6.538826993
D/S1W2,7,12,41.0,#43354,214.467862725,67.237922899,46.147260632,6.577994697
D/S1W2,7,12,41.0,#43354,214.467862725,67.237922899,46.147260632,6.577988633
D/S1W2,7,12,47.0,#43354,214.52266485,67.226184308,46.147260632,6.61717359
D/S1W2,7,19,47.0,#43354,218.23501139,66.365360196,46.147260632,9.402601869
D/S1W2,7,19,49.0,#43354,218.252109981,66.361083449,46.147260632,9.416063431
D/S1W2,7,19,50.0,#43354,218.26065724,66.358944468,46.147260632,9.422788443
D/S1W2,7,19,53.0,#43354,218.286290861,66.352525098,46.147260632,9.442978807
D/S1W2,7,35,14.0,#41295,236.264293265,66.252177102,36.147266066,23.587488176
D/S1W2,7,36,43.0,#41295,236.856206626,65.995616443,36.147266066,24.227640266
D/S1W2,7,37,49.0,#41295,237.28836923,65.804243282,36.147266066,24.704433435
D/S1W2,7,54,38.0,#43354,233.394895627,61.163029193,36.147266066,14.433930062
D/S1W2,7,54,40.0,#43354,233.407076258,61.157482405,36.147266066,14.449175462
D/S1W2,7,54,42.0,#43354,233.41925303,61.151934744,36.147266066,14.464415644
D/S1W2,7,54,44.0,#43354,233.43142595,61.146386207,36.147266066,14.479643626
D/S1W2,8,10,45.0,#51209,229.135025278,64.481481286,36.147266066,11.348605124
D/S1W2,8,11,20.0,#51209,229.382238112,64.389873202,36.147266066,11.601288822
D/S1W2,8,11,37.0,#51209,229.501771583,64.345255447,36.147266066,11.724227159
D/S1W2,8,11,48.0,#51209,229.578928974,64.31634277,36.147266066,11.803823346
D/S1W2,8,25,40.0,#51209,235.012309287,62.041251259,36.147266066,17.966655826
D/S1W2,8,25,58.0,#51209,235.121619695,61.990273452,36.147266066,18.103004056
D/S1W2,8,26,18.0,#51209,235.242693149,61.933552016,36.147266066,18.25464941
D/S1W2,8,26,43.0,#51209,235.393471467,61.86253343,36.147266066,18.444427884
D/S1W2,3,44,47.0,#148772,22.27855915,64.335642254,1.953246825,79.375656528
D/S1W2,6,46,16.0,#163996,4.617997976,72.843422237,21.501707129,87.375652181
D/S1W2,7,47,48.0,#153578,323.585224574,58.339954635,-27.205459685,87.375652181
D/S1W2,11,7,57.0,#247510,154.27581447,56.30784297,195.160115873,87.755651974
D/S1W2,5,21,48.0,#157382,207.329055079,40.407270121,189.301041767,87.375652181
D/S1W2,5,57,24.0,#170012,190.786524778,50.846004168,194.025520164,87.375652181
D/S1W2,10,7,17.0,#306263,68.169091135,68.959371088,40.895677198,53.375670656
D/S1W2,11,21,17.0,#301480,6.899483526,77.605148908,29.76640505,79.375656528
D/S1W2,7,58,43.0,#13826,62.453283397,68.967790609,67.379347498,87.375652108
D/S1W2,9,40,59.0,#251622,2.240965086,73.960394867,12.180787184,75.375658701
D/S1W2,4,4,5.0,#237298,345.896996563,73.006276741,0.2081,70.536232852
D/S1W2,4,39,0.0,#248243,344.194314443,70.902980904,0.2081,78.018735107
D/S1W2,4,57,29.0,#301163,44.092428662,79.771006032,6.208111663,32.012079859
D/S1W2,5,15,13.0,#294660,6.76991145,82.399131944,6.208111663,40.233798645
D/S1W2,5,33,41.0,#294660,341.31617334,81.989563253,6.208111663,44.526525803
D/S1W2,5,40,52.0,#301163,351.30744509,82.91496696,6.208111663,40.721133339
D/S1W2,5,48,19.0,#301970,346.113393893,81.570982859,6.208111663,45.923485949
D/S1W2,5,55,46.0,#301163,331.311367953,81.906425902,6.208111663,44.417040408
D/S1W2,6,4,7.0,#265009,322.642830029,66.704043322,-1.791903888,86.33699423
D/S1W2,6,11,0.0,#256129,306.032414684,66.646353429,-1.791903888,75.724678522
D/S1W2,6,18,7.0,#257868,288.782582608,66.993430806,-1.791903888,57.745702784
D/S1W2,6,24,0.0,#256129,304.446056323,64.444568875,-1.791903888,80.30482205
D/S1W2,6,46,25.0,#236815,281.550268403,50.781883251,-1.791903888,75.063429182
D/S1W2,6,54,38.0,#236852,282.910780602,49.253052656,-1.791903888,80.047866423
D/S1W2,7,0,32.0,#236815,282.821655446,47.921882344,-1.791903888,81.803596584
D/S1W2,7,7,18.0,#233229,282.843860186,44.375923673,-1.791903888,86.813215411
D/S1W2,7,58,45.0,#22136,67.213362796,51.20881886,62.208220519,79.490384033
D/S1W2,8,4,39.0,#22136,67.446897371,52.337252101,62.208220522,78.762721518
D/S1W2,8,13,36.0,#19572,78.881009763,56.757494765,62.208220522,54.966153637
D/S1W2,8,19,38.0,#22592,70.561254425,54.460929977,62.208220522,71.735670867
D/S1W2,8,33,10.0,#22592,71.115516418,57.110712825,62.208220522,70.594232564
D/S1W2,8,39,21.0,#22592,71.334433216,58.324158957,62.208220519,70.191561077
D/S1W2,8,46,29.0,#19572,81.500462497,63.473068589,68.208232182,59.72403954
D/S1W2,9,1,23.0,#19896,67.662522467,66.284349533,68.208232182,81.861103806
D/S1W2,9,15,21.0,#19572,83.820163804,69.406815898,68.208232182,60.490644751
D/S1W2,9,31,5.0,#22136,67.402847598,68.962761517,68.208063028,81.699533809
D/S1W2,9,48,55.0,#24300,71.05419531,69.627011655,68.208232182,76.885286988
D/S1W2,9,56,40.0,#22592,70.49802693,73.536202344,60.208216631,69.515925764
D/S1W2,10,4,21.0,#19572,88.198140918,79.534963207,60.208216631,57.720238976
D/S1W2,10,11,57.0,#22136,61.290644417,76.638829131,60.208216631,77.24454076
D/S1W2,10,20,37.0,#19572,90.184130841,82.906033696,60.208216633,60.517473884
D/S1W2,10,29,34.0,#22592,63.95185603,79.853181257,60.208216633,73.610829052
D/S1W2,10,35,39.0,#24300,64.792042974,78.657985965,60.208216631,73.526635792
D/S1W2,10,44,1.0,#22136,44.345507827,82.029244062,50.208197192,72.198734329
D/S1W2,10,55,5.0,#24300,55.663355005,82.173143843,50.208197192,66.671111246
D/S1W2,11,6,15.0,#22136,13.12297808,84.34879306,50.208197194,76.701962617
D/S1W2,11,33,34.0,#33869,127.85072898,74.658622539,86.208267174,48.322272912
D/S1W2,11,42,37.0,#33201,134.814861692,76.900761465,86.208267178,52.170975695
D/S1W2,11,49,55.0,#33869,139.476220519,77.118476897,86.208267174,51.333221929
D/S1W2,12,0,27.0,#31841,162.610661938,77.986566484,86.208267171,51.231152152
D/S1W2,12,7,38.0,#33869,156.816462441,79.073162001,86.208267174,55.234633295
D/S1W2,12,14,9.0,#32872,172.390538182,76.638854644,86.208267174,47.347664307
D/S1W2,12,23,45.0,#33500,178.805665895,79.91527494,86.208267171,59.976532264
D/S1W2,12,35,34.0,#31841,201.860772147,77.689111802,86.208267175,61.162085196
D/S1W2,12,49,2.0,#33500,209.426751985,78.600059358,86.208267175,67.516349429
D/S1W2,12,58,8.0,#33201,220.521907404,77.70722547,86.208267175,72.418723635
D/S1W2,8,51,25.0,#233793,14.70493082,63.430998131,0.486769345,87.755651974
D/S1W2,9,30,56.0,#254621,162.298724689,66.727401428,145.816571505,71.375660875
D/S1W2,9,39,14.0,#254621,167.372887841,67.177708107,143.790444968,71.375660875
D/S1W2,10,3,53.0,#260525,177.784482667,66.208009313,143.920897924,71.375660875
D/S1W2,4,49,1.0,#33500,85.084597515,39.002233079,90.845134578,59.375667266
D/S1W2,7,20,57.0,#33500,114.841960943,69.923381901,74.7497996,33.375681451
D/S1W2,7,40,49.0,#33500,123.749478747,73.519650121,72.183833044,33.375681451
D/S1W2,12,12,10.0,#53526,54.97530063,76.217360203,14.685817351,37.375679321
D/S1W2,10,59,39.0,#22136,30.783239893,83.52121721,20.208089127,44.462704818
D/S1W2,11,59,23.0,#19572,272.830904763,77.402439887,0.2081,26.318951268
D/S1W2,12,25,2.0,#22592,291.273167965,76.25592607,0.2081,41.598350733
D/S1W2,12,33,25.0,#19572,275.797127946,70.369381572,0.2081,38.96250778
D/S1W2,12,39,44.0,#19572,276.314056912,69.067425838,0.2081,41.46853389
D/S1W2,7,8,23.0,#301163,29.012372759,81.880528725,0.2081,29.020360454
D/S1W2,7,35,41.0,#306258,16.482763132,81.073379778,0.2081,35.749205397
D/S1W2,7,50,37.0,#301163,330.374066071,81.824979639,0.2081,38.628583647
D/S1W2,10,45,48.0,#19572,81.927057932,64.561849329,70.891887791,62.416166309
D/S1W2,11,26,23.0,#19572,85.239871263,72.919489147,74.208059788,67.746544075
D/S1W2,11,35,4.0,#18735,95.769182504,75.506345556,74.20824377,60.898139228
D/S1W2,11,49,58.0,#19572,87.358947631,77.797050391,74.20824377,70.474116171
D/S1W2,11,59,4.0,#19896,57.608010541,78.168241836,50.208197142,69.054774307
D/S1W2,12,5,54.0,#19572,89.050673278,81.097785501,50.208197142,48.946672405
D/S1W2,12,11,51.0,#22136,59.476379176,77.701767742,30.208158285,48.00822976
D/S1W2,12,24,13.0,#19572,91.887234968,84.893871815,30.208158285,32.399381317
